model,accuracy,precision,recall,f1,roc_auc,pr_auc
Dummy,0.967,0.0,0.0,0.0,0.5,0.033
Logistic Regression,0.8475,0.15954415954415954,0.8484848484848485,0.2685851318944844,0.9201607596126727,0.4191884708055227
Random Forest,0.99,0.859375,0.8333333333333334,0.8461538461538461,0.9909944846604619,0.8929510822319398
Gradient Boosting,0.9895,0.8813559322033898,0.7878787878787878,0.832,0.9942927203785528,0.9145138172009275
