model,accuracy,precision,recall,f1,roc_auc,pr_auc
Dummy,0.967,0.0,0.0,0.0,0.5,0.033
Logistic Regression,0.8475,0.159544,0.848485,0.268585,0.920161,0.419188
Random Forest,0.99,0.859375,0.833333,0.846154,0.990994,0.892951
Gradient Boosting,0.9895,0.881356,0.787879,0.832,0.994293,0.914514
